{
  "formation": {
    "learning_rate": 0.04395225692486303,
    "num_leaves": 48,
    "max_depth": 9,
    "min_child_samples": 51,
    "subsample": 0.9318496824692567,
    "colsample_bytree": 0.9184482051282946,
    "reg_alpha": 0.024637685958997457,
    "reg_lambda": 0.48696409415208936
  },
  "bandgap": {
    "learning_rate": 0.14958133527393336,
    "num_leaves": 110,
    "max_depth": 6,
    "min_child_samples": 38,
    "subsample": 0.9000035825192461,
    "colsample_bytree": 0.8738414929418803,
    "reg_alpha": 0.00035541262613644797,
    "reg_lambda": 0.020855162020838067
  }
}